{"_type":"export","__export_format":4,"__export_date":"2024-05-18T16:37:48.080Z","__export_source":"insomnia.desktop.app:v9.2.0","resources":[{"_id":"req_defde7502ded43939017f26f2d3daf25","parentId":"fld_b5bb36990bcb4c088c85f102a15b2e63","modified":1715432567880,"created":1715432477914,"url":"{{ _.URL }}/orders","name":"create order","description":"","method":"POST","body":{},"preRequestScript":"","parameters":[],"headers":[{"name":"User-Agent","value":"insomnia/9.1.1"}],"authentication":{"type":"bearer","token":"{{ _.TOKEN }}"},"metaSortKey":-1715432477914,"isPrivate":false,"pathParameters":[],"settingStoreCookies":true,"settingSendCookies":true,"settingDisableRenderRequestBody":false,"settingEncodeUrl":true,"settingRebuildPath":true,"settingFollowRedirects":"global","_type":"request"},{"_id":"fld_b5bb36990bcb4c088c85f102a15b2e63","parentId":"wrk_fa342e66f9f54bda87b9e5ad560db49a","modified":1715432476074,"created":1715432473058,"name":"orders","description":"","environment":{},"environmentPropertyOrder":null,"metaSortKey":-1715432473058,"_type":"request_group"},{"_id":"wrk_fa342e66f9f54bda87b9e5ad560db49a","parentId":null,"modified":1715317183039,"created":1715317183039,"name":"delivery-app","description":"","scope":"collection","_type":"workspace"},{"_id":"req_c9ca109d44e049fa8671e94d2abd7e5e","parentId":"fld_b5bb36990bcb4c088c85f102a15b2e63","modified":1715436596657,"created":1715436594786,"url":"{{ _.URL }}/orders","name":"get all","description":"","method":"POST","body":{},"preRequestScript":"","parameters":[],"headers":[{"name":"User-Agent","value":"insomnia/9.1.1"}],"authentication":{"type":"bearer","token":"{{ _.TOKEN }}"},"metaSortKey":-1715430742940,"isPrivate":false,"pathParameters":[],"settingStoreCookies":true,"settingSendCookies":true,"settingDisableRenderRequestBody":false,"settingEncodeUrl":true,"settingRebuildPath":true,"settingFollowRedirects":"global","_type":"request"},{"_id":"req_3b997ea21feb445da936dc229d855923","parentId":"fld_5ab215fe971b4065981ce90bc33ca77f","modified":1715429529347,"created":1715429007966,"url":"{{ _.URL }}/stripe/intents","name":"intents","description":"","method":"POST","body":{"mimeType":"application/json","text":"{\n  \"amount\": 10000\n}"},"preRequestScript":"","parameters":[],"headers":[{"name":"Content-Type","value":"application/json"},{"name":"User-Agent","value":"insomnia/9.1.1"}],"authentication":{"type":"bearer","token":"{{ _.TOKEN }}"},"metaSortKey":-1715429007966,"isPrivate":false,"pathParameters":[],"settingStoreCookies":true,"settingSendCookies":true,"settingDisableRenderRequestBody":false,"settingEncodeUrl":true,"settingRebuildPath":true,"settingFollowRedirects":"global","_type":"request"},{"_id":"fld_5ab215fe971b4065981ce90bc33ca77f","parentId":"wrk_fa342e66f9f54bda87b9e5ad560db49a","modified":1715429005570,"created":1715429005570,"name":"stripe","description":"","environment":{},"environmentPropertyOrder":null,"metaSortKey":-1715429005570,"_type":"request_group"},{"_id":"req_ad97e3e22f464024a403678243d63479","parentId":"fld_66cda73fce5146fda5c69ef418721d0b","modified":1715779355827,"created":1715402411411,"url":"{{ _.URL }}/products/clw7uq5850000ndwmpwwrolt1","name":"delete","description":"","method":"DELETE","body":{},"preRequestScript":"","parameters":[],"headers":[{"name":"User-Agent","value":"insomnia/9.1.1"}],"authentication":{},"metaSortKey":-1715402411411,"isPrivate":false,"pathParameters":[],"settingStoreCookies":true,"settingSendCookies":true,"settingDisableRenderRequestBody":false,"settingEncodeUrl":true,"settingRebuildPath":true,"settingFollowRedirects":"global","_type":"request"},{"_id":"fld_66cda73fce5146fda5c69ef418721d0b","parentId":"wrk_fa342e66f9f54bda87b9e5ad560db49a","modified":1715337157455,"created":1715337157455,"name":"products","description":"","environment":{},"environmentPropertyOrder":null,"metaSortKey":-1715337157455,"_type":"request_group"},{"_id":"req_da3cc87b00954becafb8744d8508fb1f","parentId":"fld_66cda73fce5146fda5c69ef418721d0b","modified":1715840664999,"created":1715342188830,"url":"{{ _.URL }}/products/clw8v7w0y0007zn22gdigxbd3","name":"update","description":"","method":"PUT","body":{"mimeType":"application/json","text":"{\n\t\"name\": \"Fanta\",\n\t\"image\": \"/uploads/images/products/fanta.png\",\n\t\"price\": 2,\n\t\"description\": \"Lorem ipsum, dolor sit amet consectetur adipisicing elit.\",\n\t\"categoryId\": \"clw8uwsej0002zn22r7lfi0vf\"\n}"},"preRequestScript":"","parameters":[],"headers":[{"name":"Content-Type","value":"application/json"},{"name":"User-Agent","value":"insomnia/9.1.1"}],"authentication":{"type":"bearer","token":"{{ _.TOKEN }}"},"metaSortKey":-1715337159709,"isPrivate":false,"pathParameters":[],"settingStoreCookies":true,"settingSendCookies":true,"settingDisableRenderRequestBody":false,"settingEncodeUrl":true,"settingRebuildPath":true,"settingFollowRedirects":"global","_type":"request"},{"_id":"req_5de43ee592314e09be447f50462c5f80","parentId":"fld_66cda73fce5146fda5c69ef418721d0b","modified":1715342110477,"created":1715342101238,"url":"{{ _.URL }}/products","name":"create","description":"","method":"POST","body":{},"preRequestScript":"","parameters":[],"headers":[{"name":"User-Agent","value":"insomnia/9.1.1"}],"authentication":{"type":"bearer","token":"{{ _.TOKEN }}"},"metaSortKey":-1715337159609,"isPrivate":false,"pathParameters":[],"settingStoreCookies":true,"settingSendCookies":true,"settingDisableRenderRequestBody":false,"settingEncodeUrl":true,"settingRebuildPath":true,"settingFollowRedirects":"global","_type":"request"},{"_id":"req_8a36e06645074d3197b4e2ca39fa542e","parentId":"fld_66cda73fce5146fda5c69ef418721d0b","modified":1715779363495,"created":1715410032968,"url":"{{ _.URL }}/products/by-category/coffee","name":"get by category","description":"","method":"GET","body":{},"preRequestScript":"","parameters":[],"headers":[{"name":"User-Agent","value":"insomnia/9.1.1"}],"authentication":{},"metaSortKey":-1715337159559,"isPrivate":false,"pathParameters":[],"settingStoreCookies":true,"settingSendCookies":true,"settingDisableRenderRequestBody":false,"settingEncodeUrl":true,"settingRebuildPath":true,"settingFollowRedirects":"global","_type":"request"},{"_id":"req_5d4861a7189b477fb1c5816ef9cc5b0e","parentId":"fld_66cda73fce5146fda5c69ef418721d0b","modified":1715779372207,"created":1715778319857,"url":"{{ _.URL }}/products/by-slug/coca-cola","name":"get by slug","description":"","method":"GET","body":{},"preRequestScript":"","parameters":[],"headers":[{"name":"User-Agent","value":"insomnia/9.1.1"}],"authentication":{},"metaSortKey":-1715337159534,"isPrivate":false,"pathParameters":[],"settingStoreCookies":true,"settingSendCookies":true,"settingDisableRenderRequestBody":false,"settingEncodeUrl":true,"settingRebuildPath":true,"settingFollowRedirects":"global","_type":"request"},{"_id":"req_f1e16eee237743c9ba4149113e930661","parentId":"fld_66cda73fce5146fda5c69ef418721d0b","modified":1715434857672,"created":1715337159509,"url":"{{ _.URL }}/products","name":"get all","description":"","method":"GET","body":{},"preRequestScript":"","parameters":[{"id":"pair_81875caaa23a4c7dbd010ae177d82321","name":"searchTerm","value":"big","description":"","disabled":true}],"headers":[{"name":"User-Agent","value":"insomnia/9.1.1"}],"authentication":{},"metaSortKey":-1715337159509,"isPrivate":false,"pathParameters":[],"settingStoreCookies":true,"settingSendCookies":true,"settingDisableRenderRequestBody":false,"settingEncodeUrl":true,"settingRebuildPath":true,"settingFollowRedirects":"global","_type":"request"},{"_id":"req_b5c22cac9cc2405e960f81a55d54953d","parentId":"fld_2b72f28f576e4f57894d83917e81ab4b","modified":1715752788379,"created":1715349896387,"url":"{{ _.URL }}/categories/clw7ewmoe0001ixhozs9001ix","name":"delete","description":"","method":"DELETE","body":{},"preRequestScript":"","parameters":[],"headers":[{"name":"User-Agent","value":"insomnia/9.1.1"}],"authentication":{"type":"bearer","token":"{{ _.TOKEN }}"},"metaSortKey":-1715337437851,"isPrivate":false,"pathParameters":[],"settingStoreCookies":true,"settingSendCookies":true,"settingDisableRenderRequestBody":false,"settingEncodeUrl":true,"settingRebuildPath":true,"settingFollowRedirects":"global","_type":"request"},{"_id":"fld_2b72f28f576e4f57894d83917e81ab4b","parentId":"wrk_fa342e66f9f54bda87b9e5ad560db49a","modified":1715336632900,"created":1715336632900,"name":"categories","description":"","environment":{},"environmentPropertyOrder":null,"metaSortKey":-1715336632900,"_type":"request_group"},{"_id":"req_1eeb5c9647da4a59a4decadd9d018091","parentId":"fld_2b72f28f576e4f57894d83917e81ab4b","modified":1715840136419,"created":1715337437751,"url":"{{ _.URL }}/categories/clw8uwsej0002zn22r7lfi0vf","name":"update","description":"","method":"PUT","body":{"mimeType":"application/json","text":"{\n\t\"name\": \"Drink\",\n\t\"image\": \"/uploads/images/categories/drink.png\"\n}"},"preRequestScript":"","parameters":[],"headers":[{"name":"Content-Type","value":"application/json"},{"name":"User-Agent","value":"insomnia/9.1.1"}],"authentication":{"type":"bearer","token":"{{ _.TOKEN }}"},"metaSortKey":-1715337437751,"isPrivate":false,"pathParameters":[],"settingStoreCookies":true,"settingSendCookies":true,"settingDisableRenderRequestBody":false,"settingEncodeUrl":true,"settingRebuildPath":true,"settingFollowRedirects":"global","_type":"request"},{"_id":"req_44d9ec5cefa843439a3b7a257e3daf9e","parentId":"fld_2b72f28f576e4f57894d83917e81ab4b","modified":1715349546714,"created":1715337425510,"url":"{{ _.URL }}/categories","name":"create","description":"","method":"POST","body":{},"preRequestScript":"","parameters":[],"headers":[{"name":"User-Agent","value":"insomnia/9.1.1"}],"authentication":{"type":"bearer","token":"{{ _.TOKEN }}"},"metaSortKey":-1715337425510,"isPrivate":false,"pathParameters":[],"settingStoreCookies":true,"settingSendCookies":true,"settingDisableRenderRequestBody":false,"settingEncodeUrl":true,"settingRebuildPath":true,"settingFollowRedirects":"global","_type":"request"},{"_id":"req_fe8ff223ff2244d2978cf48afdb29133","parentId":"fld_2b72f28f576e4f57894d83917e81ab4b","modified":1715337122599,"created":1715336635123,"url":"{{ _.URL }}/categories","name":"get all","description":"","method":"GET","body":{},"preRequestScript":"","parameters":[],"headers":[{"name":"User-Agent","value":"insomnia/9.1.1"}],"authentication":{},"metaSortKey":-1715336635123,"isPrivate":false,"pathParameters":[],"settingStoreCookies":true,"settingSendCookies":true,"settingDisableRenderRequestBody":false,"settingEncodeUrl":true,"settingRebuildPath":true,"settingFollowRedirects":"global","_type":"request"},{"_id":"req_55e4ac611deb41e3bc5e11ecaabfef12","parentId":"fld_2b72f28f576e4f57894d83917e81ab4b","modified":1715752762482,"created":1715348591745,"url":"{{ _.URL }}/categories/by-slug/coffee","name":"get by slug","description":"","method":"GET","body":{},"preRequestScript":"","parameters":[],"headers":[{"name":"User-Agent","value":"insomnia/9.1.1"}],"authentication":{},"metaSortKey":-1715329527612.5,"isPrivate":false,"pathParameters":[],"settingStoreCookies":true,"settingSendCookies":true,"settingDisableRenderRequestBody":false,"settingEncodeUrl":true,"settingRebuildPath":true,"settingFollowRedirects":"global","_type":"request"},{"_id":"req_3caf9447602a4c07853c253f1c7a366d","parentId":"fld_2b72f28f576e4f57894d83917e81ab4b","modified":1715752776388,"created":1715752768558,"url":"{{ _.URL }}/categories/by-id/clw7euyw90000ixhoxcpfwa11","name":"get by id","description":"","method":"GET","body":{},"preRequestScript":"","parameters":[],"headers":[{"name":"User-Agent","value":"insomnia/9.1.1"}],"authentication":{},"metaSortKey":-1715325973857.25,"isPrivate":false,"pathParameters":[],"settingStoreCookies":true,"settingSendCookies":true,"settingDisableRenderRequestBody":false,"settingEncodeUrl":true,"settingRebuildPath":true,"settingFollowRedirects":"global","_type":"request"},{"_id":"req_f3ee31e2f3964c7589e6a21b8d3cc2e5","parentId":"fld_cea87461d9c94df98b8570e62a8d9aa4","modified":1715785561314,"created":1715322420102,"url":"{{ _.URL }}/users/profile","name":"get profile","description":"","method":"GET","body":{},"preRequestScript":"","parameters":[],"headers":[{"name":"User-Agent","value":"insomnia/9.1.1"}],"authentication":{"type":"bearer","token":"{{ _.TOKEN }}"},"metaSortKey":-1715322420102,"isPrivate":false,"pathParameters":[],"settingStoreCookies":true,"settingSendCookies":true,"settingDisableRenderRequestBody":false,"settingEncodeUrl":true,"settingRebuildPath":true,"settingFollowRedirects":"global","_type":"request"},{"_id":"fld_cea87461d9c94df98b8570e62a8d9aa4","parentId":"wrk_fa342e66f9f54bda87b9e5ad560db49a","modified":1715322400517,"created":1715322400517,"name":"user","description":"","environment":{},"environmentPropertyOrder":null,"metaSortKey":-1715322400517,"_type":"request_group"},{"_id":"req_ddc2d8ac939a4aa2be9b59edd7cb320a","parentId":"fld_cea87461d9c94df98b8570e62a8d9aa4","modified":1715785588431,"created":1715751160797,"url":"{{ _.URL }}/users/profile/favorites/clw7unpzf00007r7cyctg9z6k","name":"toggle favorite","description":"","method":"PATCH","body":{},"preRequestScript":"","parameters":[],"headers":[{"name":"User-Agent","value":"insomnia/9.1.1"}],"authentication":{"type":"bearer","token":"{{ _.TOKEN }}"},"metaSortKey":-1715319805971.5,"isPrivate":false,"pathParameters":[],"settingStoreCookies":true,"settingSendCookies":true,"settingDisableRenderRequestBody":false,"settingEncodeUrl":true,"settingRebuildPath":true,"settingFollowRedirects":"global","_type":"request"},{"_id":"req_766c224bd43c457b8a06583271427403","parentId":"fld_6b96e24a74a543c7997097967963801b","modified":1715584459400,"created":1715317191841,"url":"{{ _.URL }}/auth/register","name":"auth/register","description":"","method":"POST","body":{"mimeType":"application/json","text":"{\n\t\"email\": \"test@test.ru\",\n\t\"password\": \"123456\"\n}"},"preRequestScript":"","parameters":[],"headers":[{"name":"Content-Type","value":"application/json"},{"name":"User-Agent","value":"insomnia/9.1.1"}],"authentication":{"type":"bearer","token":""},"metaSortKey":-1715317191841,"isPrivate":false,"pathParameters":[],"settingStoreCookies":true,"settingSendCookies":true,"settingDisableRenderRequestBody":false,"settingEncodeUrl":true,"settingRebuildPath":true,"settingFollowRedirects":"global","_type":"request"},{"_id":"fld_6b96e24a74a543c7997097967963801b","parentId":"wrk_fa342e66f9f54bda87b9e5ad560db49a","modified":1715317189559,"created":1715317189559,"name":"auth","description":"","environment":{},"environmentPropertyOrder":null,"metaSortKey":-1715317189560,"_type":"request_group"},{"_id":"req_9722215e70cc4a05bdede2d2e6036e82","parentId":"fld_6b96e24a74a543c7997097967963801b","modified":1715585566998,"created":1715317341885,"url":"{{ _.URL }}/auth/login","name":"auth/login","description":"","method":"POST","body":{"mimeType":"application/json","text":"{\n\t\"email\": \"test@test.ru\",\n\t\"password\": \"123456\"\n}"},"preRequestScript":"","parameters":[],"headers":[{"name":"Content-Type","value":"application/json"},{"name":"User-Agent","value":"insomnia/9.1.1"}],"authentication":{},"metaSortKey":-1715216617993,"isPrivate":false,"pathParameters":[],"settingStoreCookies":true,"settingSendCookies":true,"settingDisableRenderRequestBody":false,"settingEncodeUrl":true,"settingRebuildPath":true,"settingFollowRedirects":"global","_type":"request"},{"_id":"req_14801483ec7e4a12ad4f4abaa6425603","parentId":"fld_6b96e24a74a543c7997097967963801b","modified":1715585534570,"created":1715317364275,"url":"{{ _.URL }}/auth/login/access-token","name":"auth/login/access-token","description":"","method":"POST","body":{"mimeType":"application/json","text":"{\n\t\"refreshToken\": \"eyJhbGciOiJIUzI1NiIsInR5cCI6IkpXVCJ9.eyJpZCI6ImNsdzRtb3oyeTAwMDBzMWk5ZGVpaXJwbWUiLCJpYXQiOjE3MTU1ODQ0NjIsImV4cCI6MTcxNjE4OTI2Mn0.lY5es-MX1XYK3k0O_naNNfkE3S-0CqJVWTyy2S750AM\"\n}"},"preRequestScript":"","parameters":[],"headers":[{"name":"Content-Type","value":"application/json"},{"name":"User-Agent","value":"insomnia/9.1.1"}],"authentication":{},"metaSortKey":-1715166331069,"isPrivate":false,"pathParameters":[],"settingStoreCookies":true,"settingSendCookies":true,"settingDisableRenderRequestBody":false,"settingEncodeUrl":true,"settingRebuildPath":true,"settingFollowRedirects":"global","_type":"request"},{"_id":"env_1461f58f177a4785c3580f9688bb5d49469d4792","parentId":"wrk_fa342e66f9f54bda87b9e5ad560db49a","modified":1716010656986,"created":1715317183043,"name":"Base Environment","data":{"URL":"http://localhost:4200/api","TOKEN":"eyJhbGciOiJIUzI1NiIsInR5cCI6IkpXVCJ9.eyJpZCI6ImNsdzRtb3oyeTAwMDBzMWk5ZGVpaXJwbWUiLCJpYXQiOjE3MTYwMTA2NDksImV4cCI6MTcxNjAxNDI0OX0.HXlJby6T6LaVjbQZVu4vPkijTvZhDGQ-J7Ltyvf7ksw"},"dataPropertyOrder":{"&":["URL","TOKEN"]},"color":null,"isPrivate":false,"metaSortKey":1715317183043,"_type":"environment"},{"_id":"jar_1461f58f177a4785c3580f9688bb5d49469d4792","parentId":"wrk_fa342e66f9f54bda87b9e5ad560db49a","modified":1715439526021,"created":1715317183046,"name":"Default Jar","cookies":[{"key":"_vercel_sso_nonce","value":"leNcRI8diXZZRUjwsPO1CSvA","maxAge":3600,"domain":"server-achufrgid-teacoders-projects.vercel.app","path":"/","secure":true,"httpOnly":true,"hostOnly":true,"creation":"2024-05-11T14:58:07.960Z","lastAccessed":"2024-05-11T14:58:46.021Z","sameSite":"lax","id":"0bd0a82d-8ba3-4c1d-ac4e-dedd85d3b010"}],"_type":"cookie_jar"}]}