id,created_at,updated_at,name,slug,image
clw7euyw90000ixhoxcpfwa11,2024-05-15 05:58:23.518,2024-05-15 05:58:51.632,Coffee,coffee,/uploads/images/categories/coffee.png
clw8uw3gw0000zn22fdemlpm6,2024-05-16 06:14:56.141,2024-05-16 06:15:07.38,Fries,fries,/uploads/images/categories/fries.png
clw8uwg9z0001zn22s0imlo6z,2024-05-16 06:15:12.743,2024-05-16 06:15:22.3,Burger,burger,/uploads/images/categories/burger.png
clw8uwsej0002zn22r7lfi0vf,2024-05-16 06:15:28.459,2024-05-16 06:15:37.629,Drink,drink,/uploads/images/categories/drink.png
