id,created_at,updated_at,name,slug,description,price,image,category_id,user_id
clw8uzbs40004zn22vaatmvxe,2024-05-16 06:17:26.884,2024-05-16 06:18:00.591,Americano,americano,"Lorem ipsum, dolor sit amet consectetur adipisicing elit.",3,/uploads/images/products/americano.png,clw7euyw90000ixhoxcpfwa11,
clw8v0a2x0005zn22rjsqknbm,2024-05-16 06:18:11.338,2024-05-16 06:19:00.249,World Famous Fries,world-famous-fries,"Lorem ipsum, dolor sit amet consectetur adipisicing elit.",2,/uploads/images/products/fries.png,clw8uw3gw0000zn22fdemlpm6,
clw7unpzf00007r7cyctg9z6k,2024-05-15 13:20:39.239,2024-05-24 15:37:10.933,Coca-Cola,coca-cola,"Lorem ipsum, dolor sit amet consectetur adipisicing elit.",3,/uploads/images/products/coca-cola.png,clw8uwsej0002zn22r7lfi0vf,clwjl86e800001203va8m8tmw
clw8uxmm90003zn22ws6q1bc4,2024-05-16 06:16:07.617,2024-05-26 06:08:06.635,Big Mac,big-mac,"Lorem ipsum, dolor sit amet consectetur adipisicing elit.",4,/uploads/images/products/big-mac.png,clw8uwg9z0001zn22s0imlo6z,clwjl86e800001203va8m8tmw
clw8v7w0y0007zn22gdigxbd3,2024-05-16 06:24:06.37,2024-05-26 08:44:57.109,Fanta,fanta,"Lorem ipsum, dolor sit amet consectetur adipisicing elit.",2,/uploads/images/products/fanta.png,clw8uwsej0002zn22r7lfi0vf,
